[
    {
        "title": "Vaccination Day",
        "start": "2024-03-01T09:00:00",
        "end": "2024-03-01T10:00:00",
        "reason": "Annual vaccination check-up",
        "person": "Dr. Smith",
        "picture": "https://images.pexels.com/photos/110820/pexels-photo-110820.jpeg"
    },
    {
        "title": "Spaying/Neutering",
        "start": "2024-03-05T11:00:00",
        "end": "2024-03-05T12:00:00",
        "reason": "Routine spaying/neutering surgery",
        "person": "Dr. Johnson",
        "picture": "https://images.pexels.com/photos/436793/pexels-photo-436793.jpeg"
    },
    {
        "title": "Dental Cleaning",
        "start": "2024-03-10T14:00:00",
        "end": "2024-03-10T15:00:00",
        "reason": "Dental cleaning and examination",
        "person": "Dr. Davis",
        "picture": "https://images.pexels.com/photos/1996333/pexels-photo-1996333.jpeg?auto=compress&cs=tinysrgb&w=1260&h=750&dpr=1"
    },
    {
        "title": "Vaccination Day",
        "start": "2024-04-21T09:00:00",
        "end": "2024-04-21T10:00:00",
        "reason": "Annual vaccination check-up",
        "person": "Dr. Smith",
        "picture": "https://images.pexels.com/photos/110820/pexels-photo-110820.jpeg"
    },
    {
        "title": "Spaying/Neutering",
        "start": "2024-04-05T11:00:00",
        "end": "2024-04-05T12:00:00",
        "reason": "Routine spaying/neutering surgery",
        "person": "Dr. Johnson",
        "picture": "https://images.pexels.com/photos/436793/pexels-photo-436793.jpeg"
    },
    {
        "title": "Dental Cleaning",
        "start": "2024-04-10T14:00:00",
        "end": "2024-04-10T15:00:00",
        "reason": "Dental cleaning and examination",
        "person": "Dr. Davis",
        "picture": "https://images.pexels.com/photos/1996333/pexels-photo-1996333.jpeg?auto=compress&cs=tinysrgb&w=1260&h=750&dpr=1"
    }
    
    
]